User: USER,Path: C:\Program Files (x86)\BMG\Omega\User\Data\,Test run no.: 81,,,,,,,,,,,,,,,,,,,,,,,,,,,,,,,,,,,,,,,,,,,,,,,
Test name: James` Growth Assay,Date: 01/10/2020,Time: 18:53:36,,,,,,,,,,,,,,,,,,,,,,,,,,,,,,,,,,,,,,,,,,,,,,,
,,,,,,,,,,,,,,,,,,,,,,,,,,,,,,,,,,,,,,,,,,,,,,,,,
ID2: Wizard script `james`  growth script`, Prot.1, 01 October 2020 18:53:33,,,,,,,,,,,,,,,,,,,,,,,,,,,,,,,,,,,,,,,,,,,,,,,
Absorbance,,,,,,,,,,,,,,,,,,,,,,,,,,,,,,,,,,,,,,,,,,,,,,,,,
,,,,,,,,,,,,,,,,,,,,,,,,,,,,,,,,,,,,,,,,,,,,,,,,,
Well,Content,Raw Data (600),Raw Data (600),Raw Data (600),Raw Data (600),Raw Data (600),Raw Data (600),Raw Data (600),Raw Data (600),Raw Data (600),Raw Data (600),Raw Data (600),Raw Data (600),Raw Data (600),Raw Data (600),Raw Data (600),Raw Data (600),Raw Data (600),Raw Data (600),Raw Data (600),Raw Data (600),Raw Data (600),Raw Data (600),Raw Data (600),Raw Data (600),Raw Data (600),Raw Data (600),Raw Data (600),Raw Data (600),Raw Data (600),Raw Data (600),Raw Data (600),Raw Data (600),Raw Data (600),Raw Data (600),Raw Data (600),Raw Data (600),Raw Data (600),Raw Data (600),Raw Data (600),Raw Data (600),Raw Data (600),Raw Data (600),Raw Data (600),Raw Data (600),Raw Data (600),Raw Data (600),Raw Data (600),Raw Data (600)
,Time,0 h ,0 h 15 min,0 h 30 min,0 h 45 min,1 h ,1 h 15 min,1 h 30 min,1 h 45 min,2 h ,2 h 15 min,2 h 30 min,2 h 45 min,3 h ,3 h 15 min,3 h 30 min,3 h 45 min,4 h ,4 h 15 min,4 h 30 min,4 h 45 min,5 h ,5 h 15 min,5 h 30 min,5 h 45 min,6 h ,6 h 15 min,6 h 30 min,6 h 45 min,7 h ,7 h 15 min,7 h 30 min,7 h 45 min,8 h ,8 h 15 min,8 h 30 min,8 h 45 min,9 h ,9 h 15 min,9 h 30 min,9 h 45 min,10 h ,10 h 15 min,10 h 30 min,10 h 45 min,11 h ,11 h 15 min,11 h 30 min,11 h 45 min
A01,Sample X1,1.131,1.109,1.006,1.036,1.017,0.986,0.982,0.983,1.084,0.955,0.94,0.917,0.909,0.93,0.868,0.868,0.829,0.81,0.794,0.783,0.762,0.818,0.747,0.742,0.737,0.754,0.735,0.743,0.77,0.789,0.825,0.852,0.889,0.982,0.946,0.97,1.01,1.042,1.089,1.067,1.133,1.132,1.148,1.167,1.185,1.201,1.22,1.235
A02,Sample X2,0.746,0.957,0.927,0.906,0.919,0.929,0.925,0.925,0.969,0.915,0.903,0.919,0.892,0.902,0.889,0.895,0.877,0.853,0.843,0.828,0.804,0.857,0.784,0.775,0.761,0.761,0.715,0.728,0.729,0.731,0.726,0.733,0.739,0.802,0.762,0.784,0.811,0.854,0.936,0.915,0.998,1.008,1.043,1.075,1.113,1.152,1.203,1.257
A03,Sample X3,1.062,1.041,0.973,0.977,0.962,0.95,0.936,0.934,1,0.909,0.897,0.901,0.889,0.888,0.85,0.839,0.818,0.802,0.793,0.762,0.753,0.812,0.751,0.751,0.752,0.763,0.753,0.764,0.793,0.806,0.826,0.855,0.87,0.937,0.904,0.916,0.95,0.965,1.011,1.001,1.055,1.051,1.073,1.095,1.114,1.129,1.131,1.132
A04,Sample X4,1.237,1.117,1.172,1.04,1.028,1.067,1.094,1.035,0.968,0.983,0.988,0.986,0.958,0.893,0.911,0.909,0.896,0.882,0.852,0.843,0.819,0.832,0.8,0.78,0.781,0.746,0.739,0.74,0.735,0.724,0.715,0.709,0.721,0.75,0.736,0.757,0.78,0.809,0.862,0.867,0.931,0.951,0.996,1.015,1.036,1.056,1.082,1.096
A05,Sample X5,1.256,1.097,1.052,1.04,1.002,1.016,1.011,1.016,1.017,0.976,0.956,0.953,0.951,0.922,0.896,0.902,0.876,0.865,0.838,0.829,0.816,0.838,0.794,0.78,0.787,0.782,0.784,0.785,0.807,0.841,0.87,0.89,0.91,0.96,0.938,0.957,0.982,1.007,1.047,1.042,1.084,1.081,1.105,1.122,1.145,1.167,1.17,1.174
A06,Sample X6,1.396,1.137,1.084,1.073,1.049,1.054,1.044,1.037,1.041,0.999,0.984,0.975,0.948,0.923,0.911,0.893,0.876,0.862,0.846,0.835,0.818,0.853,0.825,0.836,0.853,0.873,0.879,0.905,0.938,0.973,1.039,1.061,1.111,1.205,1.203,1.25,1.299,1.33,1.379,1.39,1.434,1.435,1.457,1.453,1.453,1.468,1.485,1.469
A07,Sample X7,1.271,1.152,1.156,1.055,1.08,1.089,1.113,1.065,0.991,0.99,1.008,0.995,0.951,0.854,0.892,0.881,0.866,0.839,0.817,0.792,0.777,0.781,0.74,0.718,0.696,0.62,0.649,0.632,0.614,0.6,0.58,0.564,0.549,0.542,0.517,0.514,0.498,0.477,0.528,0.46,0.497,0.437,0.43,0.422,0.409,0.394,0.393,0.374
A08,Sample X8,1.308,1.182,1.236,1.134,1.14,1.168,1.21,1.162,1.01,1.055,1.098,1.053,1.042,0.895,0.931,0.955,0.945,0.916,0.87,0.866,0.833,0.794,0.785,0.743,0.737,0.637,0.694,0.681,0.682,0.669,0.671,0.662,0.687,0.659,0.705,0.729,0.756,0.779,0.837,0.864,0.905,0.941,0.967,1.023,1.085,1.106,1.136,1.154
A09,Sample X9,1.051,0.892,0.899,0.772,0.756,0.787,0.825,0.812,0.735,0.719,0.755,0.722,0.714,0.582,0.655,0.658,0.622,0.605,0.594,0.578,0.566,0.602,0.55,0.529,0.535,0.477,0.537,0.539,0.558,0.578,0.615,0.63,0.671,0.707,0.701,0.714,0.741,0.792,0.837,0.83,0.885,0.874,0.877,0.896,0.92,0.944,0.95,0.955
A10,Sample X10,1.295,1.082,1.138,1.013,1.044,1.036,1.08,1.056,0.92,0.953,0.964,0.933,0.909,0.717,0.799,0.796,0.771,0.738,0.705,0.693,0.644,0.657,0.601,0.58,0.573,0.502,0.548,0.543,0.537,0.535,0.547,0.553,0.573,0.591,0.617,0.657,0.707,0.754,0.814,0.846,0.913,0.919,0.982,1.023,1.065,1.09,1.094,1.168
A11,Sample X11,1.302,1.247,1.266,1.175,1.256,1.188,1.239,1.226,1.107,1.108,1.169,1.14,1.087,0.923,0.968,0.977,0.981,0.915,0.887,0.854,0.818,0.787,0.758,0.696,0.679,0.541,0.596,0.57,0.549,0.516,0.5,0.476,0.46,0.418,0.42,0.409,0.386,0.38,0.402,0.349,0.371,0.331,0.325,0.317,0.313,0.308,0.302,0.29
A12,Sample X12,0.819,0.683,0.713,0.564,0.56,0.594,0.633,0.605,0.514,0.523,0.535,0.522,0.489,0.376,0.422,0.429,0.419,0.398,0.385,0.386,0.378,0.39,0.373,0.37,0.378,0.35,0.392,0.414,0.432,0.458,0.491,0.518,0.566,0.583,0.593,0.646,0.646,0.674,0.713,0.734,0.765,0.786,0.816,0.848,0.861,0.864,0.865,0.869
B01,Sample X13,1.33,1.244,1.136,1.146,1.185,1.169,1.141,1.153,1.211,1.127,1.111,1.079,1.085,1.068,1.041,1.025,0.999,0.994,0.953,0.968,0.946,0.977,0.946,0.937,0.956,0.955,0.986,0.999,1.037,1.062,1.11,1.16,1.215,1.278,1.305,1.341,1.379,1.407,1.451,1.466,1.503,1.508,1.517,1.53,1.547,1.555,1.552,1.552
B02,Sample X14,1.316,1.267,1.144,1.188,1.205,1.21,1.175,1.176,1.218,1.184,1.159,1.149,1.141,1.124,1.117,1.116,1.068,1.072,1.062,1.059,1.03,1.048,1.034,1.031,1.043,1.045,1.071,1.094,1.119,1.15,1.186,1.234,1.277,1.322,1.363,1.398,1.447,1.471,1.51,1.552,1.591,1.621,1.637,1.673,1.703,1.726,1.751,1.77
B03,Sample X15,1.168,1.229,1.092,1.109,1.093,1.118,1.085,1.087,1.193,1.085,1.075,1.078,1.067,1.066,1.054,1.043,1.053,1.047,1.023,1.011,0.982,1.049,0.971,0.96,0.934,0.942,0.902,0.898,0.896,0.884,0.878,0.876,0.883,0.907,0.885,0.907,0.909,0.921,0.98,0.966,1.028,1.036,1.074,1.109,1.146,1.188,1.244,1.281
B04,Sample X16,1.051,1.036,0.935,0.976,0.953,0.962,0.921,0.943,1.022,0.928,0.914,0.921,0.915,0.917,0.894,0.894,0.872,0.871,0.846,0.854,0.842,0.888,0.855,0.868,0.87,0.909,0.91,0.914,0.919,0.934,0.936,0.965,0.983,1.037,1.011,1.03,1.051,1.071,1.118,1.112,1.156,1.165,1.183,1.207,1.236,1.249,1.257,1.268
B05,Sample X17,1.093,1.125,1.041,1.051,1.022,1.048,1.03,1.04,1.068,1.03,1.011,1,1.007,1.002,1.006,1.002,0.98,0.986,0.969,0.977,0.958,0.992,0.929,0.91,0.889,0.901,0.896,0.882,0.867,0.852,0.85,0.856,0.856,0.891,0.867,0.874,0.88,0.912,0.972,0.965,1.021,1.031,1.058,1.092,1.121,1.155,1.194,1.238
B06,Sample X18,1.464,1.5,1.386,1.403,1.346,1.398,1.361,1.44,1.345,1.384,1.363,1.358,1.328,1.317,1.337,1.285,1.322,1.321,1.322,1.315,1.309,1.394,1.272,1.269,1.253,1.278,1.257,1.251,1.232,1.201,1.194,1.24,1.177,1.227,1.2,1.18,1.16,1.133,1.216,1.097,1.164,1.113,1.076,1.086,1.095,1.056,1.07,1.059
B07,Sample X19,0.962,0.983,0.998,0.949,0.954,1.001,0.98,1.013,0.958,0.981,0.976,0.96,0.952,0.928,0.951,0.926,0.941,0.926,0.91,0.905,0.884,0.901,0.863,0.857,0.842,0.834,0.821,0.836,0.809,0.814,0.803,0.829,0.822,0.841,0.862,0.87,0.873,0.887,0.951,0.957,0.996,1.021,1.051,1.075,1.103,1.121,1.152,1.173
B08,Sample X20,1.12,1.173,1.131,1.083,1.072,1.11,1.084,1.079,1.077,1.054,1.036,1.03,1.026,1.032,1.04,1.027,1.032,1.029,1.002,1.001,0.984,1.003,0.954,0.942,0.917,0.919,0.919,0.915,0.89,0.875,0.862,0.876,0.883,0.91,0.897,0.915,0.926,0.937,0.999,0.999,1.041,1.055,1.09,1.115,1.144,1.164,1.197,1.219
B09,Sample X21,1.213,1.13,1.093,1.087,1.082,1.123,1.1,1.101,1.084,1.105,1.086,1.047,1.057,1.045,1.027,0.998,1.002,0.984,0.963,0.967,0.963,0.971,0.962,0.961,0.958,0.984,0.98,1.002,1.001,1.024,1.049,1.08,1.117,1.177,1.211,1.226,1.253,1.275,1.305,1.327,1.359,1.381,1.41,1.44,1.463,1.485,1.52,1.543
B10,Sample X22,1.127,1.066,1.07,0.987,1.002,1.138,1.069,1.089,1.005,1.085,1.068,1.034,1.036,0.96,1.029,0.966,0.961,0.952,0.939,0.938,0.913,0.916,0.899,0.92,0.923,0.954,0.97,0.997,1.019,1.053,1.093,1.135,1.182,1.229,1.281,1.324,1.386,1.407,1.453,1.48,1.524,1.546,1.588,1.603,1.63,1.667,1.68,1.701
B11,Sample X23,1.082,1.003,0.998,0.907,0.914,1.022,0.994,0.985,0.968,0.977,0.974,0.945,0.93,0.869,0.926,0.882,0.916,0.886,0.874,0.865,0.861,0.871,0.875,0.876,0.89,0.883,0.888,0.91,0.928,0.939,0.964,0.996,1.04,1.077,1.131,1.153,1.181,1.198,1.239,1.257,1.293,1.311,1.34,1.372,1.403,1.422,1.453,1.476
B12,Sample X24,1.273,1.244,1.288,1.195,1.18,1.266,1.213,1.198,1.118,1.159,1.131,1.107,1.084,1.054,1.078,1.011,1.056,1.013,0.937,0.993,0.956,0.939,0.912,0.893,0.869,0.782,0.834,0.821,0.801,0.747,0.727,0.716,0.706,0.649,0.688,0.628,0.607,0.583,0.616,0.547,0.589,0.527,0.516,0.499,0.477,0.47,0.46,0.45
C01,Sample X25,1.322,1.254,1.158,1.174,1.203,1.133,1.114,1.121,1.217,1.117,1.103,1.089,1.064,1.084,1.038,1.019,1.011,0.991,0.972,0.95,0.941,0.959,0.932,0.939,0.94,0.956,0.973,0.985,1.014,1.052,1.093,1.13,1.186,1.257,1.27,1.317,1.365,1.385,1.439,1.451,1.486,1.501,1.509,1.514,1.529,1.55,1.561,1.544
C02,Sample X26,1.208,1.236,1.13,1.135,1.159,1.102,1.13,1.13,1.25,1.139,1.126,1.127,1.107,1.136,1.083,1.109,1.079,1.066,1.083,1.067,1.042,1.093,1.017,1.008,0.981,0.971,0.947,0.945,0.924,0.929,0.932,0.928,0.93,0.942,0.951,0.958,0.98,0.997,1.028,1.045,1.089,1.104,1.118,1.143,1.172,1.196,1.222,1.243
C03,Sample X27,1.43,1.345,1.278,1.213,1.259,1.23,1.247,1.245,1.275,1.238,1.255,1.243,1.234,1.215,1.244,1.21,1.21,1.177,1.19,1.197,1.192,1.191,1.156,1.129,1.107,1.084,1.056,1.063,1.037,1.045,1.042,1.037,1.048,1.019,1.048,1.057,1.066,1.075,1.093,1.105,1.131,1.152,1.162,1.18,1.198,1.218,1.241,1.256
C04,Sample X28,1.014,0.98,1.008,0.959,0.974,1.004,0.973,0.994,1.014,0.986,0.991,0.998,0.974,0.948,0.979,0.972,0.964,0.95,0.947,0.934,0.933,0.941,0.912,0.904,0.896,0.856,0.868,0.857,0.856,0.876,0.884,0.874,0.898,0.915,0.905,0.929,0.95,0.971,1.004,1.016,1.059,1.086,1.108,1.128,1.165,1.18,1.215,1.252
C05,Sample X29,1.508,1.328,1.314,1.299,1.308,1.208,1.252,1.271,1.298,1.265,1.252,1.28,1.261,1.253,1.228,1.213,1.181,1.156,1.173,1.157,1.154,1.129,1.15,1.157,1.167,1.185,1.207,1.231,1.263,1.304,1.341,1.386,1.43,1.458,1.498,1.53,1.562,1.593,1.619,1.647,1.685,1.717,1.75,1.753,1.761,1.785,1.807,1.791
C06,Sample X30,1.232,1.151,1.089,1.09,1.088,1.036,1.041,1.056,1.147,1.062,1.079,1.06,1.023,1.034,1.029,1.007,0.994,0.976,0.997,0.951,0.963,0.983,0.954,0.954,0.967,0.996,0.966,0.969,0.991,1.011,1.032,1.067,1.091,1.15,1.161,1.2,1.225,1.248,1.28,1.295,1.337,1.351,1.369,1.391,1.421,1.443,1.468,1.49
C07,Sample X31,1.336,1.252,1.219,1.141,1.167,1.232,1.206,1.251,1.216,1.2,1.242,1.261,1.212,1.178,1.248,1.179,1.196,1.155,1.224,1.149,1.151,1.168,1.16,1.176,1.141,1.143,1.135,1.126,1.097,1.165,1.131,1.129,1.14,1.114,1.11,1.147,1.125,1.113,1.116,1.11,1.111,1.136,1.078,1.081,1.095,1.099,1.1,1.064
C08,Sample X32,0.942,1.001,1.064,0.934,0.933,1.015,1.011,1.035,0.981,0.991,1.014,1,0.981,0.911,0.996,0.966,0.969,0.934,0.95,0.921,0.914,0.914,0.902,0.887,0.853,0.827,0.848,0.851,0.832,0.847,0.847,0.844,0.863,0.849,0.864,0.896,0.911,0.939,0.956,0.984,1.026,1.066,1.091,1.119,1.154,1.193,1.238,1.276
C09,Sample X33,1.383,1.328,1.349,1.28,1.304,1.333,1.295,1.352,1.314,1.31,1.347,1.331,1.297,1.331,1.317,1.282,1.281,1.28,1.314,1.276,1.265,1.286,1.239,1.228,1.242,1.24,1.254,1.216,1.21,1.23,1.241,1.207,1.226,1.171,1.165,1.179,1.093,1.16,1.09,1.135,1.123,1.151,1.07,1.07,1.072,1.089,1.08,1.073
C10,Sample X34,1.485,1.425,1.372,1.307,1.41,1.392,1.36,1.385,1.427,1.363,1.397,1.384,1.359,1.391,1.369,1.326,1.345,1.335,1.355,1.305,1.308,1.318,1.285,1.286,1.286,1.311,1.267,1.249,1.23,1.249,1.253,1.235,1.25,1.188,1.204,1.197,1.204,1.192,1.123,1.167,1.168,1.17,1.087,1.098,1.086,1.107,1.097,1.079
C11,Sample X35,0.936,0.979,0.993,0.853,0.918,0.981,0.985,1.016,0.981,0.966,0.999,0.996,0.966,0.896,0.971,0.95,0.954,0.918,0.939,0.903,0.92,0.939,0.908,0.892,0.899,0.817,0.897,0.867,0.86,0.881,0.866,0.87,0.859,0.834,0.857,0.854,0.856,0.826,0.829,0.821,0.842,0.828,0.778,0.792,0.772,0.789,0.781,0.775
C12,Sample X36,0.92,0.9,1,0.808,0.86,0.95,0.915,0.935,0.865,0.872,0.866,0.877,0.829,0.732,0.821,0.794,0.77,0.74,0.734,0.706,0.686,0.702,0.654,0.647,0.62,0.57,0.619,0.602,0.607,0.608,0.614,0.624,0.642,0.663,0.691,0.717,0.753,0.804,0.879,0.883,0.946,0.964,1.005,1.035,1.064,1.108,1.162,1.233
D01,Sample X37,1.356,1.286,1.257,1.26,1.261,1.241,1.209,1.231,1.24,1.217,1.202,1.196,1.175,1.146,1.107,1.106,1.077,1.053,1.029,1.015,0.992,0.987,0.982,0.981,0.989,0.983,1.008,1.021,1.051,1.085,1.127,1.164,1.223,1.289,1.313,1.361,1.401,1.427,1.485,1.474,1.522,1.525,1.549,1.572,1.583,1.593,1.609,1.618
D02,Sample X38,1.326,1.269,1.238,1.246,1.25,1.23,1.2,1.229,1.22,1.219,1.201,1.203,1.196,1.157,1.147,1.145,1.131,1.107,1.083,1.074,1.057,1.047,1.05,1.049,1.065,1.066,1.091,1.113,1.135,1.161,1.202,1.236,1.275,1.32,1.367,1.411,1.456,1.499,1.527,1.557,1.593,1.618,1.645,1.678,1.704,1.728,1.76,1.778
D03,Sample X39,1.384,1.285,1.244,1.271,1.243,1.253,1.231,1.254,1.219,1.255,1.237,1.233,1.232,1.185,1.175,1.188,1.182,1.146,1.141,1.12,1.105,1.083,1.09,1.099,1.102,1.107,1.134,1.156,1.183,1.218,1.256,1.314,1.336,1.372,1.433,1.475,1.517,1.567,1.59,1.617,1.644,1.671,1.7,1.729,1.768,1.782,1.812,1.833
D04,Sample X40,1.425,1.391,1.425,1.378,1.361,1.42,1.385,1.418,1.35,1.42,1.41,1.391,1.398,1.315,1.376,1.382,1.383,1.362,1.372,1.371,1.342,1.288,1.34,1.318,1.307,1.252,1.298,1.295,1.292,1.279,1.281,1.238,1.23,1.203,1.241,1.239,1.223,1.218,1.219,1.212,1.194,1.176,1.185,1.18,1.182,1.158,1.161,1.157
D05,Sample X41,1.446,1.336,1.245,1.309,1.283,1.241,1.219,1.268,1.274,1.277,1.266,1.242,1.249,1.226,1.175,1.203,1.177,1.154,1.146,1.129,1.104,1.094,1.11,1.105,1.119,1.13,1.158,1.18,1.212,1.253,1.294,1.333,1.391,1.424,1.465,1.496,1.534,1.569,1.602,1.631,1.664,1.703,1.727,1.749,1.773,1.782,1.777,1.764
D06,Sample X42,1.514,1.474,1.527,1.463,1.419,1.487,1.459,1.499,1.404,1.544,1.446,1.501,1.485,1.387,1.444,1.46,1.419,1.447,1.479,1.437,1.417,1.391,1.436,1.41,1.386,1.312,1.362,1.355,1.329,1.321,1.336,1.325,1.231,1.235,1.287,1.292,1.289,1.26,1.267,1.26,1.232,1.219,1.225,1.22,1.224,1.204,1.221,1.194
D07,Sample X43,1.614,1.456,1.46,1.455,1.406,1.431,1.44,1.472,1.364,1.452,1.458,1.449,1.436,1.359,1.339,1.365,1.357,1.312,1.28,1.264,1.24,1.182,1.229,1.229,1.235,1.237,1.258,1.281,1.321,1.345,1.378,1.422,1.472,1.491,1.534,1.57,1.6,1.621,1.653,1.678,1.714,1.753,1.782,1.8,1.808,1.814,1.815,1.838
D08,Sample X44,1.369,1.304,1.342,1.236,1.165,1.221,1.291,1.281,1.19,1.281,1.262,1.268,1.282,1.177,1.19,1.246,1.26,1.236,1.194,1.253,1.219,1.198,1.22,1.209,1.172,1.1,1.13,1.182,1.16,1.136,1.143,1.095,1.113,1.08,1.065,1.069,1.068,1.075,1.081,1.073,1.02,1.019,1.031,1.02,1.041,1.006,1.01,0.998
D09,Sample X45,1.26,1.275,1.284,1.285,1.211,1.22,1.248,1.256,1.287,1.262,1.26,1.26,1.287,1.243,1.195,1.245,1.244,1.234,1.226,1.222,1.17,1.198,1.18,1.156,1.135,1.104,1.088,1.076,1.07,1.057,1.065,1.061,1.054,1.082,1.075,1.087,1.108,1.125,1.159,1.173,1.203,1.217,1.241,1.271,1.31,1.33,1.359,1.38
D10,Sample X46,1.464,1.404,1.3,1.342,1.263,1.267,1.265,1.281,1.333,1.289,1.286,1.284,1.293,1.252,1.181,1.194,1.192,1.159,1.198,1.163,1.14,1.135,1.135,1.126,1.161,1.193,1.193,1.212,1.245,1.281,1.324,1.36,1.4,1.439,1.495,1.527,1.562,1.584,1.619,1.651,1.686,1.708,1.726,1.742,1.753,1.754,1.755,1.758
D11,Sample X47,1.324,1.197,1.251,1.101,1.053,1.167,1.189,1.179,1.119,1.177,1.16,1.178,1.176,1.038,1.074,1.082,1.111,1.064,1.055,1.025,0.999,0.983,0.999,0.995,1.008,1.025,1.037,1.063,1.091,1.128,1.159,1.208,1.241,1.291,1.341,1.387,1.441,1.459,1.506,1.539,1.564,1.594,1.622,1.647,1.678,1.699,1.726,1.746
D12,Sample X48,0.064,0.062,0.063,0.062,0.061,0.062,0.061,0.062,0.062,0.062,0.062,0.062,0.062,0.062,0.061,0.062,0.062,0.062,0.062,0.062,0.061,0.062,0.062,0.062,0.062,0.062,0.062,0.062,0.062,0.062,0.061,0.062,0.062,0.062,0.062,0.061,0.062,0.062,0.062,0.062,0.062,0.062,0.062,0.062,0.062,0.061,0.062,0.062
E01,Sample X49,1.136,1.154,1.126,1.12,1.164,1.121,1.134,1.108,1.245,1.083,1.133,1.129,1.111,1.123,1.099,1.107,1.079,1.076,1.029,1.058,1.002,1.083,0.992,0.951,0.949,0.94,0.923,0.874,0.878,0.879,0.883,0.873,0.877,0.906,0.89,0.9,0.928,0.955,1.014,1.01,1.074,1.066,1.091,1.12,1.142,1.165,1.187,1.215
E02,Sample X50,1.233,1.225,1.186,1.185,1.196,1.174,1.177,1.16,1.117,1.079,1.16,1.161,1.148,1.137,1.126,1.097,1.094,1.08,1.04,1.036,1.014,1.006,0.99,0.962,0.979,0.95,0.968,0.956,0.956,0.963,0.97,0.977,0.987,0.995,1.01,1.021,1.047,1.072,1.09,1.103,1.126,1.145,1.165,1.186,1.211,1.237,1.257,1.268
E03,Sample X51,1.308,1.252,1.268,1.255,1.276,1.261,1.264,1.266,1.222,1.243,1.254,1.237,1.25,1.24,1.235,1.253,1.237,1.231,1.209,1.188,1.202,1.182,1.144,1.126,1.109,1.059,1.081,1.034,1.023,1.031,1.02,1.036,1.021,1.001,1.035,1.058,1.059,1.09,1.115,1.125,1.147,1.171,1.2,1.225,1.246,1.272,1.306,1.315
E04,Sample X52,1.605,1.387,1.377,1.36,1.345,1.323,1.32,1.322,1.299,1.336,1.31,1.304,1.291,1.289,1.268,1.276,1.249,1.227,1.194,1.21,1.179,1.132,1.154,1.172,1.167,1.173,1.197,1.211,1.251,1.279,1.315,1.382,1.402,1.439,1.477,1.505,1.544,1.574,1.615,1.635,1.668,1.7,1.72,1.742,1.75,1.77,1.806,1.801
E05,Sample X53,1.188,1.249,1.171,1.167,1.204,1.138,1.136,1.14,1.267,1.162,1.153,1.156,1.134,1.179,1.111,1.138,1.129,1.118,1.099,1.107,1.09,1.123,1.06,1.046,1.031,1.009,1.012,0.984,0.984,0.998,0.987,0.989,1.021,1.012,1.007,1.028,1.07,1.072,1.119,1.125,1.154,1.163,1.189,1.212,1.252,1.266,1.321,1.339
E06,Sample X54,1.272,1.317,1.205,1.223,1.232,1.183,1.192,1.194,1.179,1.212,1.123,1.112,1.176,1.218,1.188,1.163,1.091,1.16,1.179,1.165,1.186,1.215,1.169,1.163,1.162,1.181,1.169,1.137,1.082,1.151,1.133,1.151,1.075,1.178,1.088,1.07,1.086,1.115,1.17,1.111,1.16,1.086,1.055,1.091,1.093,1.047,1.08,1.08
E07,Sample X55,1.511,1.357,1.256,1.213,1.249,1.211,1.247,1.229,1.223,1.239,1.248,1.222,1.2,1.235,1.21,1.206,1.163,1.192,1.149,1.122,1.131,1.115,1.13,1.121,1.132,1.131,1.134,1.116,1.13,1.136,1.142,1.167,1.194,1.201,1.238,1.325,1.327,1.332,1.35,1.387,1.384,1.419,1.439,1.46,1.48,1.498,1.527,1.544
E08,Sample X56,1.298,1.289,1.216,1.166,1.119,1.199,1.167,1.214,1.254,1.176,1.171,1.164,1.157,1.089,1.154,1.185,1.169,1.151,1.172,1.173,1.15,1.165,1.121,1.13,1.076,1.046,1.116,1.088,1.092,1.075,1.059,1.012,1.014,1.097,0.992,0.992,1.015,0.974,1.04,1.006,1.017,0.969,0.959,0.958,0.976,0.943,0.962,0.943
E09,Sample X57,1.381,1.153,1.198,1.044,1.001,1.12,1.096,1.071,1.062,1.097,1.063,1.095,1.073,1.026,1.104,1.112,1.095,1.093,1.075,1.089,1.071,1.048,1.057,1.083,1.051,1.046,1.064,1.058,1.065,1.069,1.086,1.119,1.127,1.155,1.147,1.171,1.194,1.207,1.23,1.255,1.28,1.29,1.305,1.336,1.361,1.38,1.389,1.391
E10,Sample X58,1.358,1.31,1.271,1.166,1.141,1.231,1.178,1.226,1.256,1.195,1.177,1.204,1.182,1.136,1.217,1.213,1.185,1.242,1.216,1.217,1.233,1.208,1.188,1.137,1.154,1.142,1.226,1.16,1.165,1.147,1.145,1.167,1.127,1.149,1.116,1.121,1.115,1.085,1.149,1.166,1.139,1.089,1.068,1.049,1.084,1.072,1.07,1.055
E11,Sample X59,1.485,1.337,1.315,1.184,1.147,1.227,1.208,1.21,1.269,1.218,1.208,1.181,1.193,1.148,1.167,1.191,1.154,1.173,1.146,1.133,1.104,1.107,1.093,1.105,1.098,1.101,1.104,1.089,1.097,1.122,1.113,1.136,1.151,1.181,1.178,1.194,1.222,1.233,1.254,1.284,1.299,1.324,1.343,1.379,1.394,1.409,1.423,1.419
E12,Sample X60,1.073,0.878,0.928,0.754,0.727,0.849,0.816,0.791,0.734,0.773,0.743,0.715,0.702,0.599,0.661,0.669,0.655,0.65,0.609,0.607,0.595,0.609,0.565,0.569,0.557,0.522,0.587,0.588,0.609,0.64,0.658,0.701,0.727,0.758,0.775,0.799,0.825,0.847,0.897,0.904,0.951,0.957,0.984,1.007,1.033,1.042,1.043,1.046
F01,Sample X61,1.149,1.267,1.224,1.224,1.234,1.194,1.214,1.221,1.27,1.206,1.205,1.201,1.179,1.202,1.176,1.162,1.152,1.136,1.128,1.133,1.108,1.165,1.091,1.086,1.069,1.109,1.047,1.048,1.035,1.04,1.016,1.013,0.98,1.091,0.983,0.974,0.962,0.939,1.045,0.912,1.028,0.923,0.896,0.898,0.864,0.866,0.86,0.845
F02,Sample X62,1.285,1.339,1.362,1.32,1.317,1.342,1.35,1.322,1.327,1.353,1.339,1.345,1.333,1.292,1.332,1.31,1.312,1.311,1.303,1.292,1.281,1.28,1.269,1.176,1.257,1.216,1.24,1.241,1.232,1.226,1.223,1.224,1.208,1.173,1.193,1.195,1.189,1.18,1.17,1.161,1.155,1.16,1.146,1.142,1.128,1.119,1.115,1.112
F03,Sample X63,1.31,1.248,1.232,1.239,1.233,1.218,1.205,1.211,1.146,1.195,1.196,1.18,1.175,1.159,1.158,1.125,1.104,1.079,1.066,1.044,1.025,1.022,1.019,1.045,1.027,1.011,1.025,1.025,1.035,1.044,1.06,1.085,1.109,1.125,1.17,1.212,1.229,1.253,1.281,1.303,1.327,1.363,1.386,1.416,1.439,1.464,1.496,1.525
F04,Sample X64,1.378,1.283,1.273,1.278,1.268,1.256,1.249,1.247,1.232,1.231,1.231,1.23,1.219,1.199,1.193,1.175,1.161,1.139,1.125,1.109,1.087,1.079,1.086,1.097,1.079,1.059,1.073,1.084,1.094,1.091,1.108,1.156,1.157,1.172,1.222,1.265,1.295,1.302,1.346,1.347,1.372,1.404,1.429,1.457,1.481,1.507,1.54,1.565
F05,Sample X65,1.332,1.34,1.337,1.315,1.32,1.294,1.333,1.341,1.311,1.316,1.319,1.318,1.312,1.286,1.29,1.27,1.283,1.242,1.278,1.28,1.261,1.274,1.252,1.271,1.26,1.238,1.234,1.25,1.189,1.219,1.238,1.216,1.232,1.194,1.227,1.221,1.181,1.209,1.22,1.186,1.214,1.195,1.194,1.193,1.173,1.193,1.176,1.182
F06,Sample X66,1.232,1.281,1.184,1.205,1.216,1.152,1.165,1.126,1.164,1.156,1.223,1.152,1.161,1.182,1.156,1.092,1.077,1.112,1.129,1.107,1.097,1.152,1.096,1.082,1.087,1.077,1.062,1.067,1.079,1.069,1.08,1.09,1.082,1.092,1.131,1.123,1.153,1.15,1.179,1.204,1.227,1.24,1.285,1.296,1.326,1.359,1.382,1.347
F07,Sample X67,1.616,1.425,1.48,1.448,1.437,1.444,1.45,1.429,1.273,1.424,1.36,1.405,1.403,1.353,1.388,1.344,1.329,1.317,1.289,1.26,1.238,1.188,1.228,1.221,1.231,1.186,1.206,1.204,1.186,1.196,1.211,1.23,1.253,1.254,1.344,1.372,1.406,1.385,1.412,1.455,1.45,1.486,1.529,1.537,1.562,1.586,1.612,1.639
F08,Sample X68,1.285,1.278,1.144,1.115,1.101,1.103,1.096,1.085,1.225,0.995,1.082,1.054,1.061,1.028,1.063,1.068,1.05,1.021,1.022,1.017,0.989,1.059,1.011,1.038,1.018,1.031,1.02,1.034,1.037,1.031,1.03,1.076,1.098,1.112,1.13,1.133,1.139,1.16,1.191,1.201,1.228,1.248,1.267,1.289,1.314,1.331,1.346,1.345
F09,Sample X69,1.257,1.301,1.281,1.246,1.226,1.224,1.218,1.196,1.269,1.141,1.217,1.238,1.222,1.229,1.244,1.22,1.194,1.196,1.197,1.186,1.168,1.241,1.178,1.175,1.169,1.143,1.173,1.118,1.171,1.141,1.153,1.131,1.168,1.211,1.159,1.148,1.129,1.152,1.193,1.115,1.185,1.134,1.1,1.141,1.109,1.122,1.079,1.068
F10,Sample X70,1.264,1.266,1.275,1.231,1.224,1.224,1.232,1.21,1.292,1.203,1.276,1.24,1.227,1.204,1.268,1.224,1.214,1.226,1.199,1.204,1.181,1.176,1.159,1.131,1.153,1.132,1.112,1.088,1.084,1.072,1.091,1.102,1.104,1.072,1.116,1.137,1.15,1.176,1.187,1.218,1.239,1.258,1.281,1.318,1.348,1.371,1.398,1.423
F11,Sample X71,1.341,1.316,1.174,1.115,1.111,1.114,1.128,1.129,1.262,1.095,1.135,1.111,1.091,1.078,1.105,1.064,1.039,1.047,1.026,1.003,0.989,1.024,1.013,1.022,1.061,1.073,1.062,1.107,1.128,1.166,1.198,1.243,1.281,1.315,1.376,1.417,1.46,1.487,1.521,1.553,1.584,1.628,1.65,1.67,1.68,1.694,1.686,1.709
F12,Sample X72,1.186,1.104,1.041,0.937,0.912,0.952,0.934,0.906,0.983,0.852,0.846,0.824,0.801,0.708,0.763,0.727,0.713,0.698,0.665,0.654,0.637,0.704,0.621,0.626,0.634,0.618,0.656,0.678,0.705,0.752,0.763,0.814,0.858,0.936,0.968,0.996,1.025,1.053,1.104,1.113,1.17,1.191,1.214,1.243,1.269,1.297,1.319,1.342
G01,Sample X73,1.297,1.263,1.203,1.235,1.236,1.193,1.186,1.191,1.207,1.176,1.151,1.146,1.131,1.14,1.098,1.079,1.062,1.027,0.995,0.988,0.968,0.965,0.942,0.934,0.941,0.946,0.964,0.993,1.023,1.048,1.095,1.132,1.181,1.236,1.269,1.312,1.375,1.42,1.479,1.494,1.532,1.55,1.575,1.601,1.637,1.661,1.689,1.713
G02,Sample X74,1.178,1.265,1.239,1.248,1.262,1.268,1.271,1.206,1.277,1.271,1.252,1.264,1.254,1.246,1.261,1.247,1.245,1.243,1.234,1.233,1.226,1.242,1.221,1.21,1.214,1.188,1.195,1.198,1.187,1.195,1.176,1.177,1.165,1.162,1.163,1.161,1.169,1.164,1.164,1.1,1.162,1.15,1.114,1.145,1.14,1.139,1.142,1.139
G03,Sample X75,1.298,1.248,1.22,1.239,1.233,1.217,1.206,1.196,1.19,1.18,1.179,1.163,1.154,1.15,1.129,1.104,1.093,1.07,1.049,1.03,1.015,0.996,0.992,0.994,0.996,1.018,1.034,1.063,1.079,1.112,1.152,1.188,1.233,1.279,1.322,1.37,1.424,1.466,1.525,1.555,1.588,1.618,1.639,1.669,1.696,1.722,1.757,1.78
G04,Sample X76,1.542,1.353,1.336,1.335,1.329,1.31,1.315,1.307,1.276,1.288,1.275,1.281,1.262,1.259,1.235,1.229,1.222,1.185,1.181,1.172,1.165,1.11,1.135,1.12,1.115,1.128,1.148,1.169,1.198,1.226,1.257,1.291,1.331,1.357,1.411,1.459,1.504,1.56,1.581,1.62,1.646,1.685,1.709,1.737,1.769,1.794,1.819,1.85
G05,Sample X77,0.067,0.067,0.067,0.067,0.066,0.067,0.066,0.067,0.067,0.067,0.067,0.067,0.067,0.067,0.066,0.067,0.067,0.067,0.068,0.067,0.067,0.067,0.067,0.067,0.066,0.067,0.067,0.067,0.067,0.067,0.066,0.067,0.067,0.067,0.067,0.066,0.067,0.067,0.067,0.067,0.067,0.067,0.066,0.067,0.067,0.066,0.067,0.067
G06,Sample X78,1.046,1.122,1.031,1.019,1.031,1.03,1.047,1.034,1.138,1.035,1.019,1.034,1.025,1.068,1.02,0.996,1.016,0.999,0.988,0.973,0.945,0.98,0.938,0.921,0.918,0.916,0.886,0.89,0.895,0.873,0.887,0.891,0.885,0.921,0.916,0.938,0.967,0.992,1.053,1.073,1.108,1.133,1.149,1.192,1.22,1.249,1.272,1.297
G07,Sample X79,1.293,1.304,1.26,1.25,1.248,1.294,1.289,1.274,1.246,1.274,1.259,1.227,1.228,1.227,1.264,1.245,1.273,1.257,1.221,1.225,1.238,1.247,1.227,1.19,1.2,1.186,1.241,1.237,1.203,1.216,1.2,1.169,1.193,1.143,1.145,1.181,1.184,1.166,1.115,1.166,1.174,1.171,1.16,1.186,1.165,1.166,1.161,1.164
G08,Sample X80,1.362,1.366,1.308,1.262,1.295,1.319,1.32,1.294,1.32,1.296,1.268,1.258,1.252,1.262,1.28,1.279,1.276,1.28,1.251,1.265,1.264,1.27,1.225,1.246,1.209,1.214,1.226,1.18,1.243,1.211,1.181,1.148,1.191,1.219,1.173,1.186,1.167,1.153,1.195,1.144,1.183,1.157,1.151,1.164,1.162,1.151,1.159,1.14
G09,Sample X81,1.546,1.478,1.48,1.413,1.446,1.45,1.444,1.475,1.419,1.413,1.397,1.447,1.41,1.43,1.397,1.429,1.413,1.405,1.373,1.404,1.407,1.366,1.364,1.343,1.322,1.327,1.311,1.333,1.316,1.298,1.288,1.298,1.271,1.257,1.227,1.243,1.254,1.224,1.225,1.203,1.209,1.183,1.2,1.203,1.195,1.162,1.172,1.15
G10,Sample X82,1.282,1.121,1.106,0.955,0.967,1.033,1.05,1.025,0.993,1.028,1.03,1.04,1.01,0.973,1.026,1.038,1.033,1.042,1.003,1.033,1.035,1.014,1.043,1.011,1.029,1.001,1.04,1.048,1.058,1.074,1.089,1.123,1.148,1.194,1.214,1.244,1.279,1.29,1.318,1.349,1.377,1.422,1.425,1.454,1.477,1.504,1.532,1.59
G11,Sample X83,1.365,1.372,1.289,1.229,1.21,1.267,1.274,1.256,1.273,1.226,1.219,1.205,1.198,1.172,1.217,1.209,1.218,1.213,1.169,1.178,1.168,1.148,1.172,1.099,1.104,1.041,1.079,1.092,1.064,1.068,1.023,1.037,1.018,1.061,0.996,0.984,0.985,0.964,0.975,0.966,0.988,0.934,0.94,0.935,0.923,0.886,0.914,0.88
G12,Sample X84,1.051,1.002,0.896,0.777,0.778,0.805,0.799,0.755,0.792,0.709,0.678,0.668,0.645,0.587,0.603,0.591,0.586,0.548,0.538,0.528,0.532,0.581,0.564,0.583,0.632,0.631,0.677,0.705,0.731,0.762,0.793,0.834,0.874,0.939,0.949,0.992,1.059,1.138,1.193,1.223,1.269,1.287,1.309,1.349,1.378,1.407,1.437,1.47
H01,Sample X85,1.164,1.195,1.115,1.169,1.164,1.095,1.098,1.089,1.174,1.077,1.045,1.042,1.016,1.031,0.951,0.934,0.893,0.874,0.856,0.826,0.819,0.874,0.778,0.775,0.764,0.775,0.761,0.773,0.765,0.773,0.794,0.821,0.825,0.9,0.859,0.878,0.901,0.914,0.969,0.952,1.004,0.991,1.016,1.03,1.034,1.032,1.031,1.029
H02,Sample X86,1.164,1.231,1.164,1.212,1.211,1.16,1.172,1.172,1.232,1.179,1.152,1.154,1.146,1.15,1.12,1.105,1.072,1.059,1.029,1.021,1,1.015,0.945,0.919,0.892,0.882,0.858,0.857,0.841,0.842,0.841,0.846,0.845,0.897,0.88,0.904,0.922,0.961,1.037,1.04,1.106,1.116,1.151,1.181,1.206,1.248,1.29,1.332
H03,Sample X87,1.304,1.287,1.295,1.289,1.283,1.268,1.283,1.287,1.274,1.279,1.269,1.262,1.25,1.235,1.238,1.226,1.209,1.191,1.163,1.123,1.106,1.082,1.043,1.019,0.988,0.945,0.935,0.916,0.919,0.911,0.905,0.91,0.913,0.921,0.934,0.957,0.978,1.012,1.051,1.067,1.116,1.14,1.184,1.226,1.263,1.295,1.34,1.365
H04,Sample X88,1.275,1.261,1.221,1.242,1.236,1.2,1.202,1.2,1.219,1.178,1.156,1.162,1.145,1.139,1.104,1.093,1.055,1.034,1.009,0.984,0.967,0.977,0.955,0.964,0.952,0.956,0.953,0.957,0.959,0.954,0.969,0.993,1.009,1.045,1.035,1.053,1.079,1.095,1.132,1.133,1.174,1.177,1.194,1.224,1.254,1.236,1.251,1.251
H05,Sample X89,1.51,1.352,1.382,1.36,1.358,1.339,1.34,1.332,1.287,1.315,1.303,1.299,1.276,1.266,1.241,1.214,1.185,1.173,1.153,1.125,1.109,1.065,1.089,1.093,1.101,1.114,1.127,1.148,1.179,1.213,1.255,1.29,1.333,1.373,1.411,1.447,1.479,1.509,1.534,1.563,1.586,1.621,1.641,1.649,1.687,1.695,1.719,1.707
H06,Sample X90,1.148,1.23,1.117,1.167,1.149,1.093,1.098,1.109,1.214,1.125,1.075,1.081,1.096,1.099,1.068,1.056,1.036,1.046,1.01,0.973,0.97,1.011,0.939,0.935,0.908,0.914,0.893,0.882,0.884,0.886,0.888,0.906,0.89,0.933,0.914,0.949,0.975,0.999,1.076,1.077,1.143,1.155,1.213,1.274,1.307,1.335,1.363,1.398
H07,Sample X91,1.473,1.35,1.322,1.34,1.321,1.283,1.277,1.277,1.276,1.252,1.25,1.214,1.21,1.22,1.188,1.174,1.153,1.144,1.108,1.084,1.072,1.068,1.077,1.07,1.072,1.071,1.075,1.073,1.072,1.089,1.096,1.13,1.155,1.166,1.203,1.235,1.254,1.285,1.307,1.324,1.354,1.379,1.404,1.435,1.452,1.474,1.501,1.525
H08,Sample X92,1.819,1.538,1.592,1.545,1.516,1.51,1.507,1.52,1.455,1.478,1.457,1.44,1.427,1.403,1.418,1.392,1.358,1.365,1.326,1.292,1.27,1.2,1.224,1.21,1.205,1.218,1.234,1.249,1.265,1.286,1.316,1.352,1.385,1.402,1.456,1.496,1.546,1.586,1.607,1.639,1.658,1.707,1.736,1.761,1.785,1.806,1.835,1.858
H09,Sample X93,1.432,1.348,1.233,1.214,1.183,1.151,1.157,1.173,1.25,1.15,1.129,1.145,1.1,1.115,1.091,1.092,1.066,1.076,1.052,1.048,1.034,1.056,1.021,1.034,1.025,1.042,1.035,1.039,1.044,1.058,1.083,1.126,1.152,1.197,1.21,1.242,1.271,1.29,1.322,1.341,1.371,1.396,1.417,1.446,1.466,1.489,1.519,1.543
H10,Sample X94,1.642,1.474,1.381,1.373,1.321,1.277,1.292,1.331,1.32,1.284,1.257,1.257,1.235,1.239,1.203,1.206,1.159,1.184,1.154,1.15,1.135,1.115,1.119,1.122,1.147,1.173,1.176,1.182,1.199,1.242,1.269,1.312,1.342,1.373,1.426,1.467,1.505,1.53,1.555,1.59,1.613,1.652,1.671,1.692,1.714,1.724,1.735,1.755
H11,Sample X95,0.851,0.931,0.837,0.805,0.781,0.821,0.81,0.8,0.881,0.801,0.777,0.77,0.76,0.698,0.761,0.757,0.738,0.751,0.711,0.698,0.705,0.772,0.681,0.666,0.678,0.652,0.685,0.677,0.673,0.689,0.682,0.72,0.737,0.788,0.796,0.829,0.86,0.9,0.966,0.99,1.046,1.066,1.111,1.162,1.198,1.229,1.268,1.316
H12,Sample X96,1.66,1.408,1.375,1.211,1.165,1.1,1.118,1.075,1.051,0.964,0.907,0.869,0.831,0.759,0.75,0.73,0.709,0.655,0.629,0.604,0.585,0.607,0.576,0.592,0.631,0.629,0.663,0.678,0.697,0.723,0.745,0.78,0.806,0.857,0.898,0.96,1.018,1.094,1.153,1.188,1.219,1.273,1.302,1.338,1.371,1.398,1.429,1.442
